<?xml version="1.0" encoding="UTF-8"?>
<project name="soomla" default="all">
  
  <property environment="env" />
  <property file="unity-android-levelup.properties"/>
  
  <!-- Compiler options -->
  
  <property name="compiler.debug" value="on"/>
  <property name="compiler.generate.no.warnings" value="off"/>
  <property name="compiler.args" value=""/>
  <property name="compiler.max.memory" value="700m"/>
  <patternset id="ignored.files">
    <exclude name="**/CVS/**"/>
    <exclude name="**/SCCS/**"/>
    <exclude name="**/RCS/**"/>
    <exclude name="**/rcs/**"/>
    <exclude name="**/.DS_Store/**"/>
    <exclude name="**/.svn/**"/>
    <exclude name="**/.pyc/**"/>
    <exclude name="**/.pyo/**"/>
    <exclude name="**/*.pyc/**"/>
    <exclude name="**/*.pyo/**"/>
    <exclude name="**/.git/**"/>
    <exclude name="**/*.hprof/**"/>
    <exclude name="**/_svn/**"/>
    <exclude name="**/.hg/**"/>
    <exclude name="**/*.lib/**"/>
    <exclude name="**/*~/**"/>
    <exclude name="**/__pycache__/**"/>
    <exclude name="**/.bundle/**"/>
    <exclude name="**/*.rbc/**"/>
  </patternset>
  <patternset id="compiler.excluded"/>
  <patternset id="library.patterns">
    <include name="*.zip"/>
    <include name="*.apk"/>
    <include name="*.war"/>
    <include name="*.egg"/>
    <include name="*.ear"/>
    <include name="*.ane"/>
    <include name="*.swc"/>
    <include name="*.jar"/>
  </patternset>
  <patternset id="compiler.resources">
    <include name="**/?*.properties"/>
    <include name="**/?*.xml"/>
    <include name="**/?*.gif"/>
    <include name="**/?*.png"/>
    <include name="**/?*.jpeg"/>
    <include name="**/?*.jpg"/>
    <include name="**/?*.html"/>
    <include name="**/?*.dtd"/>
    <include name="**/?*.tld"/>
    <include name="**/?*.ftl"/>
  </patternset>
  
  <!-- JDK definitions -->
  
  <path id="jdk.classpath.android">
    <fileset dir="${jdk.home.android}">
      <include name="platforms/android-19/android.jar"/>
      <include name="platforms/android-19/data/res"/>
      <include name="tools/support/annotations.jar"/>
    </fileset>
  </path>
  
  <property name="project.jdk.home" value="${jdk.home.android}"/>
  <property name="project.jdk.bin" value="${jdk.bin.android}"/>
  <property name="project.jdk.classpath" value="jdk.classpath.android"/>
  
  <!-- Modules -->
  
  <import file="${basedir}/module_unityandroidlevelup.xml"/>
  
  <target name="init" description="Build initialization">
    <!-- Perform any build initialization in this target -->
  </target>
  
  <target name="clean" depends="clean.module.unityandroidlevelup" description="cleanup all"/>
  
  <target name="build.modules" depends="init, clean, compile.module.unityandroidlevelup" description="build all modules"/>
  
  <target name="init.artifacts">
    <property name="artifacts.temp.dir" value="${basedir}/__artifacts_temp"/>
    <property name="artifact.output.unityandroidlevelup:jar" value="${basedir}/out/artifacts/UnityAndroidLevelUp_jar"/>
    <mkdir dir="${artifacts.temp.dir}"/>
    <property name="temp.jar.path.UnityAndroidLevelUp.jar" value="${artifacts.temp.dir}/${soomla.filename}.jar"/>
  </target>
  
  <target name="artifact.unityandroidlevelup:jar" depends="init.artifacts, compile.module.unityandroidlevelup" description="Build &#39;UnityAndroidLevelUp:jar&#39; artifact">
    <property name="artifact.temp.output.unityandroidlevelup:jar" value="${artifacts.temp.dir}/UnityAndroidLevelUp_jar"/>
    <mkdir dir="${artifact.temp.output.unityandroidlevelup:jar}"/>
    <jar destfile="${temp.jar.path.UnityAndroidLevelUp.jar}" duplicate="preserve" filesetmanifest="mergewithoutmain">
      <zipfileset dir="${unityandroidlevelup.output.dir}"/>
    </jar>
    <copy file="${temp.jar.path.UnityAndroidLevelUp.jar}" tofile="${basedir}/${unityandroidlevelup.target.dir}/${soomla.filename}.jar"/>
  </target>
  
  <target name="build.all.artifacts" depends="artifact.unityandroidlevelup:jar" description="Build all artifacts">
    <mkdir dir="${artifact.output.unityandroidlevelup:jar}"/>
    <copy todir="${artifact.output.unityandroidlevelup:jar}">
      <fileset dir="${artifact.temp.output.unityandroidlevelup:jar}"/>
    </copy>
    
    <!-- Delete temporary files -->
    <delete dir="${artifacts.temp.dir}"/>
  </target>
  
  <target name="all" depends="build.modules, build.all.artifacts" description="build all"/>
</project>